client,spec,type,size_min,size_max,rating,end_conn,notes,use,tag
OCP,BA1,BALL,15,50,,,Valve shall be supplied with 100 mm long seamless pipe nipple (Pup Piece) on either ends. Sch of the nipple shall match to mating/connecting pipe. Valves shall be of fire safe design as per API 607/BS 6755 ( Part 2 ) ,NORMAL,V-703
OCP,BA1,BALL,80,200,150#,RF,,NORMAL,V-702
OCP,BA1,GATE,25,150,150#,RF,,NORMAL,V-401
OCP,BA1,GATE,200,400,150#,RF,,NORMAL,V-402
OCP,BA1,BALL CHECK,15,50,,THREADED,,HORIZ/ VERT UP,V-616
OCP,BA1,WAFER CHECK,80,400,150#,WAFER,,HORIZ/ VERT UP,V-617
OCP,BA1,GLOBE,15,50,,THREADED,,THROTTLING,V-508
OCP,BA1,BUTTERFLY,80,150,150#,LUG,,NORMAL,V-301
OCP,BA1,BUTTERFLY,200,300,150#,LUG,,NORMAL,V-302
OCP,BA1,BALL,15,50,,THREADED,Valve shall be supplied with 100 mm long seamless pipe nipple (Pup Piece) on either ends. Sch of the nipple shall match to mating/connecting pipe. Valves shall be of fire safe design as per API 607/BS 6755 ( Part 2 ) ,NORMAL,V-780
OCP,BA1,BALL,80,200,150#,RF,,NORMAL,V-777
OCP,BA1,CHECK,15,50,,THREADED,The type of resin- Protective Materials (e.g. Coatings- linings- liners) joining and sealing materials (e.g. solvent cements welding materials- gaskets) shall be suitable for potable water (drinking water) and certified as per NSF/ANSI 61 in conjunction with the design and performance requirements stated in the relevant JESA standards. All proposals will be subject to JESA/OCP approval. For Drinking Water / Potable Water . ,HORIZ/ VERT UP,V-691
OCP,BA1,CHECK,80,200,150#,WAFER,The type of resin- Protective Materials (e.g. Coatings- linings- liners) joining and sealing materials (e.g. solvent cements welding materials- gaskets) shall be suitable for potable water (drinking water) and certified as per NSF/ANSI 61 in conjunction with the design and performance requirements stated in the relevant JESA standards. All proposals will be subject to JESA/OCP approval. For Drinking Water / Potable Water . ,HORIZ/ VERT UP,V-693
OCP,BA2,GATE,15,50,,THROTTLING,,THROTTLING,V-492
OCP,BA2,GATE,80,100,150#,NORMAL,,NORMAL,V-490
OCP,BA2,GATE,150,300,150#,NORMAL,,NORMAL,V-491
OCP,BA2,GLOBE,15,50,,THROTTLING,,THROTTLING,V-560
OCP,BA2,CHECK,15,50,,NORMAL,,NORMAL,V-675
OCP,BA2,CHECK,80,600,150#,NORMAL,,NORMAL,V-676
OCP,BA2,BALL,15,50,,NORMAL,Valve shall be supplied with 100 mm long seamless pipe nipple (Pup Piece) on either ends. Sch of the nipple shall match to mating/connecting pipe. Valves shall be of fire safe design as per API 607/BS 6755 (Part 2 ) ,NORMAL,V-765
OCP,BA2,BUTTERFLY,80,150,150#,NORMAL,,NORMAL,V-341
OCP,BA2,BUTTERFLY,200,600,150#,NORMAL,,NORMAL,V-342
OCP,BB1,BUTTERFLY,80,150,150#,NORMAL,Use Flat face connection when matching to Flat Face Cast Iron- FRP or Plastic flange,NORMAL,V-301
OCP,BB1,BUTTERFLY,200,300,150#,NORMAL,Use Flat face connection when matching to Flat Face Cast Iron- FRP or Plastic flange,NORMAL,V-302
OCP,BB1,BUTTERFLY,350,600,150#,NORMAL,Use Flat face connection when matching to Flat Face Cast Iron- FRP or Plastic flange,NORMAL,V-303
OCP,BB1,BUTTERFLY,650,1300,150#,NORMAL,,NORMAL,V-304
OCP,BB1,GATE,80,150,150#,NORMAL,,NORMAL,V-401
OCP,BB1,GATE,50,50,150#,NORMAL,V-401 in 50 mm size shall be used against equipment nozzles only. ,NORMAL,V-401
OCP,BB1,GATE,200,600,150#,NORMAL,,NORMAL,V-402
OCP,BB1,GATE,650,900,150#,NORMAL,,NORMAL,V-403
OCP,BB1,GATE,15,50,,NORMAL,,NORMAL,V-405
OCP,BB1,GATE,15,50,,NORMAL,,NORMAL,V-412
OCP,BB1,BALL CHECK,15,50,,HORIZ/ VERT UP,,HORIZ/ VERT UP,V-616
OCP,BB1,WAFER CHECK,80,600,,HORIZ/ VERT UP,,HORIZ/ VERT UP,V-617
OCP,BB1,DOUBLE FLG. DUEL PLATE CHECK,650,1300,150#,HORIZ/ VERT UP,,HORIZ/ VERT UP,V-680
OCP,BB1,BALL,15,50,,NORMAL,,NORMAL,V-703
OCP,BB1,BALL,80,200,150#,,,,V-702
OCP,BB1,GLOBE,80,200,150#,NORMAL,,NORMAL,V-502
OCP,BB1,GLOBE,15,50,,THROTTLING,,THROTTLING,V-508
OCP,BB1,GLOBE,250,350,150#,NORMAL,,NORMAL,V-532
OCP,BB1,NEEDLE,15,50,,FIRE WATER,,FIRE WATER,V-801
OCP,BB1,SWING CHECK,50,400,,HORIZ/ VERT UP,No need for Datasheet as procurement is part of Vendor Scope.,HORIZ/ VERT UP,V-692
OCP,BB1,BUTTERFLY,50,200,,NORMAL,No need for Datasheet as procurement is part of Vendor Scope.,NORMAL,V-362
OCP,BB1,BUTTERFLY,250,350,,NORMAL,No need for Datasheet as procurement is part of Vendor Scope.,NORMAL,V-363
OCP,BB1,GATE,65,400,,NORMAL,No need for Datasheet as procurement is part of Vendor Scope.,NORMAL,V-498
OCP,BB1,KNIFE GATE,50,150,150#,NORMAL,,NORMAL,V-439
OCP,BB1,KNIFE GATE,200,600,150#,NORMAL,,NORMAL,V-440
OCP,BB2,PLUG,50,80,150#,NORNAL,,NORNAL,V-108
OCP,BB2,PISTON CHECK,50,150,150#,NORNAL,,NORNAL,V-628
OCP,BB2,KNIFE GATE,50,150,150#,NORNAL,Use flat face when matching to flat face flanges. ,NORNAL,V-439
OCP,BB2,KNIFE GATE,200,300,150#,NORNAL,Use flat face when matching to flat face flanges. ,NORNAL,V-440
OCP,BB3,GATE,200,600,150#,NORMAL,,NORMAL,V-402
OCP,BB3,GATE,700,900,150#,NORMAL,,NORMAL,V-403
OCP,BB3,PLUG,25,80,150#,NORMAL,Applicable for Molten Sulfur lines using electrical tracing technology. ,NORMAL,V-138
OCP,BB3,PLUG,100,300,150#,NORMAL,Applicable for Molten Sulfur lines using electrical tracing technology. ,NORMAL,V-139
OCP,BB3,GLOBE,80,400,150#,NORMAL,,NORMAL,V-502
OCP,BB3,BALL,15,50,,NORMAL,,NORMAL,V-701
OCP,BB3,GATE,50,150,150#,NORMAL,,NORMAL,V-401
OCP,BB3,GATE,15,50,,NORMAL,,NORMAL,V-405
OCP,BB3,GATE,15,50,,V- DR- INSTR. CONNS.,,V- DR- INSTR. CONNS.,V-406
OCP,BB3,BALL CHECK,15,50,,HORIZ/ VERT UP,,HORIZ/ VERT UP,V-601
OCP,BB3,SWING CHECK,80,400,150#,HORIZ/ VERT UP,,HORIZ/ VERT UP,V-603
OCP,BB3,GLOBE,15,50,,NORMAL,,NORMAL,V-501
OCP,BB3,BALL,80,200,150#,NORMAL,,NORMAL,V-702
OCP,BB3,WAFER CHECK,450,600,150#,HORIZ/ VERT UP,,HORIZ/ VERT UP,V-637
OCP,BB4,DIAPHRAGM,15,50,150#,NORMAL,,NORMAL,V-203
OCP,BB4,KNIFE GATE,50,150,150#,NORMAL,,NORMAL,V-439
OCP,BB4,KNIFE GATE,200,600,150#,NORMAL,,NORMAL,V-440
OCP,BB4,CHECK (BALL),80,600,150#,NORMAL,,NORMAL,V-652
OCP,BB5,GATE,50,400,150#,NORMAL,,NORMAL,V-428
OCP,BB5,GLOBE,15,50,800#,NORMAL,For inline throttling and control valve by-passes.,NORMAL,V-514
OCP,BB5,GLOBE,80,150,150#,NORMAL,For inline throttling and control valve by-passes.,NORMAL,V-516
OCP,BB5,GLOBE,200,400,150#,NORMAL,For inline throttling and control valve by-passes.,NORMAL,V-564
OCP,BB5,CHECK (PISTON),15,50,800#,HORIZONTAL,,HORIZONTAL,V-626
OCP,BB5,CHECK (WAFER),80,400,150#,HORIZ/ VERT UP,,HORIZ/ VERT UP,V-627
OCP,BB6,BUTTERFLY,80,150,150#,NORMAL,,NORMAL,V-352
OCP,BB6,BUTTERFLY,200,200,150#,NORMAL,,NORMAL,V-354
OCP,BB6,BUTTERFLY,300,350,150#,NORMAL,,NORMAL,V-353
OCP,BB6,CHECK,25,300,150#,HORIZ/ VERT UP,,HORIZ/ VERT UP,V-689
OCP,BB6,PLUG,350,600,150#,NORMAL,,NORMAL,V-132
OCP,BB6,PLUG,25,150,150#,NORMAL,Use Flat face connection when matching to Flat face Cast Iron- FRP or Plastic flange,NORMAL,V-136
OCP,BB6,PLUG,200,600,150#,NORMAL,Use Flat face connection when matching to Flat face Cast Iron- FRP or Plastic flange,NORMAL,V-105
OCP,BB6,GLOBE,25,100,150#,NORMAL,,NORMAL,V-504
OCP,BD1,PLUG,15,40,150#,NORMAL,For use in service: Sulfuric Acid (SA),NORMAL,V-103
OCP,BD1,PLUG,15,40,150#,NORMAL,For use in service: Sulfuric Acid (SA),NORMAL,V-145
OCP,BD1,DIAPHRAGM,50,100,150#,NORMAL,For use in service: Sulfuric Acid (SA),NORMAL,V-206
OCP,BD1,BUTTURFLY,100,150,150#,NORMAL,Use Flat face connection when matching to Flat face Cast Iron- DI- FRP or Plastic flange,NORMAL,V-322
OCP,BD1,BUTTURFLY,200,400,150#,NORMAL,Use Flat face connection when matching to Flat face Cast Iron- DI- FRP or Plastic flange,NORMAL,V-345
OCP,BD1,DUEL PLATE CHECK,100,600,150#,NORMAL,,NORMAL,V-678
OCP,BD1,SWING CHECK,25,50,10S,NORMAL,,NORMAL,V-681
OCP,BD1,SWING CHECK,80,80,10S,NORMAL,,NORMAL,V-682
OCP,BD1,SWING CHECK,25,50,10S,NORMAL,For use in service: Anti Scaling (AC)- Sodium Hydroxide (SH) AND Sodium Bisulphate (SB),NORMAL,V-650
OCP,BD1,SWING CHECK,80,100,10S,NORMAL,For use in service: Anti Scaling (AC)- Sodium Hydroxide (SH) AND Sodium Bisulphate (SB),NORMAL,V-683
OCP,BD1,BALL,15,50,10S,NORMAL,For use in service: Sodium Bisulphate (SB),NORMAL,V-728
OCP,BD1,BALL,80,100,10S,NORMAL,For use in service: Sodium Bisulphate (SB),NORMAL,V-774
OCP,BD1,BALL,25,50,10S,NORMAL,For use in service: Anti Scaling (AC) and Sodium Hydroxide (SH) AND use in other services,NORMAL,V-772
OCP,BD1,BALL,80,80,10S,NORMAL,For use in service: Anti Scaling (AC) and Sodium Hydroxide (SH) AND use in other services,NORMAL,V-773
OCP,BD1,NEEDLE,15,25,10S,V- Dr- INST.,,V- Dr- INST.,V-802
OCP,BD1,GATE,15,50,10S,NORMAL,,NORMAL,V-402
OCP,BD2,PLUG,15,50,,NORMAL,,NORMAL,V-102
OCP,BD2,PLUG,15,80,150#,NORMAL,Use only noted valves with Sulfuric Acid 97-99% <45�C (ASC) service. These valves may be used for other services within this class.,NORMAL,V-103
OCP,BD2,PLUG,100,300,150#,NORMAL,Use only noted valves with Sulfuric Acid 97-99% <45�C (ASC) service. These valves may be used for other services within this class.,NORMAL,V-104
OCP,BD2,PLUG,25,80,150#,NORMAL,Use Flat face connection when matching to Flat face Cast Iron- FRP or Plastic flange. AND For use in Strong Phosphoric Acid (PA) or Weak Phosphoric Acid (PB) services only. ,NORMAL,V-106
OCP,BD2,PLUG,100,300,150#,NORMAL,Use Flat face connection when matching to Flat face Cast Iron- FRP or Plastic flange. AND For use in Strong Phosphoric Acid (PA) or Weak Phosphoric Acid (PB) services only. ,NORMAL,V-107
OCP,BD2,PLUG,350,600,150#,NORMAL,Use Flat face connection when matching to Flat face Cast Iron- FRP or Plastic flange. AND For use in Strong Phosphoric Acid (PA) or Weak Phosphoric Acid (PB) services only. ,NORMAL,V-132
OCP,BD2,PLUG,350,500,150#,NORMAL,Use only noted valves with Sulfuric Acid 97-99% <45�C (ASC) service. These valves may be used for other services within this class.,NORMAL,V-131
OCP,BD2,PLUG,15,50,,NORMAL,,NORMAL,V-144
OCP,BD2,PLUG,15,80,150#,NORMAL,Use only noted valves with Sulfuric Acid 97-99% <45�C (ASC) service. These valves may be used for other services within this class.,NORMAL,V-145
OCP,BD2,PLUG,100,300,150#,NORMAL,Use only noted valves with Sulfuric Acid 97-99% <45�C (ASC) service. These valves may be used for other services within this class.,NORMAL,V-146
OCP,BD2,SWING CHECK,15,50,,HORIZ/ VERT UP,Use only noted valves with Sulfuric Acid 97-99% <45�C (ASC) service. These valves may be used for other services within this class.,HORIZ/ VERT UP,V-608
OCP,BD2,WAFER CHECK,80,600,,HORIZ/ VERT UP,Use only noted valves with Sulfuric Acid 97-99% <45�C (ASC) service. These valves may be used for other services within this class.,HORIZ/ VERT UP,V-614
OCP,BD2,DUEL PLATE CHECK,200,600,150#,NORMAL,For sizes 650 mm to 900mm- - the schedule thicknesses has been considered based on ASME B36.10- as a reference ,NORMAL,V-630
OCP,BD2,CHECK,25,300,150#,HORIZ/ VERT UP,,HORIZ/ VERT UP,V-689
OCP,BD2,GLOBE,15,50,,NORMAL,,NORMAL,V-528
OCP,BD2,GLOBE,80,250,150#,NORMAL,,NORMAL,V-531
OCP,BD2,BUTTERFLY,80,100,150#,NORMAL,,NORMAL,V-306
OCP,BD2,BUTTERFLY,150,600,150#,NORMAL,,NORMAL,V-307
OCP,BD2,BUTTERFLY,650,700,150#,NORMAL,,NORMAL,V-346
OCP,BD2,GATE,50,350,150#,NORMAL,,NORMAL,V-454
OCP,BD2,GATE,400,600,150#,NORMAL,,NORMAL,V-408
OCP,BD2,GATE,15,40,,NORMAL,,NORMAL,V-456
OCP,BD2,BUTTERFLY,50,150,150#,NORMAL,For use in Strong Phosphoric Acid (PA) or Weak Phosphoric Acid (PB) services only.,NORMAL,V-308
OCP,BD2,BUTTERFLY,200,450,150#,NORMAL,For use in Strong Phosphoric Acid (PA) or Weak Phosphoric Acid (PB) services only.,NORMAL,V-309
OCP,BD2,BUTTERFLY,450,600,150#,NORMAL,,NORMAL,V-332
OCP,BD2,BALL,15,50,,V- DR- INSTR CONS,,V- DR- INSTR CONS,V-719
OCP,BD2,BALL,15,50,,NORMAL,,NORMAL,V-718
OCP,BD2,BALL,80,100,150#,NORMAL,,NORMAL,V-720
OCP,BD2,BALL,150,150,150#,NORMAL,,NORMAL,V-770
OCP,BD2,BALL,200,250,150#,NORMAL,,NORMAL,V-771
OCP,BD2,NEEDLE,15,25,,NORMAL,,NORMAL,V-802
OCP,BG1,PLUG,15,80,150#,NORMAL,,NORMAL,V-106
OCP,BG1,PLUG,100,300,150#,NORMAL,,NORMAL,V-107
OCP,BG1,PLUG,350,600,150#,NORMAL,,NORMAL,V-132
OCP,BG1,KNIFE GATE,100,150,150#,NORMAL,Knife Gate valve V-441 Pressure/Temperature limited to 7 Kg/cm2g @ 204�C (100 Psig @ 400�F). And shall be used only for Phosphoric Acid Rector Slurry (B) service only.,NORMAL,V-495
OCP,BG1,KNIFE GATE,200,300,150#,NORMAL,Knife Gate valve V-441 Pressure/Temperature limited to 7 Kg/cm2g @ 204�C (100 Psig @ 400�F). And shall be used only for Phosphoric Acid Rector Slurry (B) service only.,NORMAL,V-441
OCP,BG1,PISTON CHECK,15,150,150#,NORMAL,Check Valve V-628 Pressure/Temperature limited to 10.3 barg @ 177�C (150 Psig @ 350�F) ,NORMAL,V-628
OCP,BG1,PISTON CHECK,15,150,150#,NORMAL,To be used only for Ammonium Phosphate Slurry (APS); Phosphoric Acid Reactor Slurry (ARS); Scrubber Liquor Slurry (LWA) ,NORMAL,V-698
OCP,BG1,WAFER CHECK,200,600,150#,NORMAL,The Lug and wafer valve types should be suitable to be installed between RF Flanges Class 150 per ASME B16.5,NORMAL,V-630
OCP,BG1,BALL,15,150,150#,NORMAL,Ball Valve V-713 Pressure/Temperature limited to 10.5 Kg/cm2g @ 204�C (150 Psig @ 300�F). Valve may be used at tank nozzles- clean-outs- rod-outs and drains. ,NORMAL,V-713
OCP,BG1,BALL,200,200,150#,NORMAL,Ball Valve V-713 Pressure/Temperature limited to 10.5 Kg/cm2g @ 204�C (150 Psig @ 300�F). Valve may be used at tank nozzles- clean-outs- rod-outs and drains. ,NORMAL,V-704
OCP,BG1,BALL,250,300,150#,NORMAL,Ball Valve V-713 Pressure/Temperature limited to 10.5 Kg/cm2g @ 204�C (150 Psig @ 300�F). Valve may be used at tank nozzles- clean-outs- rod-outs and drains. ,NORMAL,V-705
OCP,BG1,BUTTERFLY,15,150,150#,NORMAL,The Lug and wafer valve types should be suitable to be installed between RF Flanges Class 150 per ASME B16.5,NORMAL,V-308
OCP,BG1,BUTTERFLY,200,600,150#,NORMAL,The Lug and wafer valve types should be suitable to be installed between RF Flanges Class 150 per ASME B16.5,NORMAL,V-309
OCP,BG2,PLUG,15,80,150#,NORMAL,,NORMAL,V-106
OCP,BG2,PLUG,100,300,150#,NORMAL,,NORMAL,V-107
OCP,BG2,PLUG,350,600,150#,NORMAL,,NORMAL,V-132
OCP,BG2,PLUG,750,900,150#,NORMAL,,NORMAL,V-140
OCP,BG2,KNIFE GATE,100,150,150#,NORMAL,Knife Gate valve V-441 & V-495 Pressure/Temperature limited to 6.8 Barg @ 204�C (100 Psig @ 400�F). And shall be used only for Phosphoric Acid Rector Slurry (B) service only ,NORMAL,V-495
OCP,BG2,KNIFE GATE,200,300,150#,NORMAL,Knife Gate valve V-441 & V-495 Pressure/Temperature limited to 6.8 Barg @ 204�C (100 Psig @ 400�F). And shall be used only for Phosphoric Acid Rector Slurry (B) service only ,NORMAL,V-441
OCP,BG2,PISTON CHECK,15,150,150#,NORMAL, For sizes 1600mm and above - the fitting dimensions of buttwelding has been considered based on AWWA C208- as a reference ,NORMAL,V-628
OCP,BG2,WAFER CHECK,200,600,150#,NORMAL,The Lug and wafer valves types should be suitable to be installed between RF Flanges Class 150 per ASME B16.5 ,NORMAL,V-630
OCP,BG2,PISTON CHECK,15,150,150#,NORMAL,To be used only for Ammonium Phosphate Slurry (APS); Phosphoric Acid Reactor Slurry (ARS); Scrubber Liquor Slurry (LWA) ,NORMAL,V-698
OCP,BG2,BALL,15,150,150#,NORMAL,Ball Valve V-713 Pressure/Temperature limited to 10.3 Barg @ 204�C (150 Psig @ 400�F). AND Valve to be used at tank nozzles- clean-outs- rod-outs and drains. ,NORMAL,V-713
OCP,BG2,BUTTERFLY,50,150,150#,NORMAL,The Lug and wafer valves types should be suitable to be installed between RF Flanges Class 150 per ASME B16.5 ,NORMAL,V-308
OCP,BG2,BUTTERFLY,200,600,150#,NORMAL,The Lug and wafer valves types should be suitable to be installed between RF Flanges Class 150 per ASME B16.5 ,NORMAL,V-309
OCP,CB1,Gate,15,50,800#,SW,All valves shall be tagged for Anhydrous Ammonia Service.,Normal ,V-435
OCP,CB1,Gate,80,150,300#,RF,All valves shall be tagged for Anhydrous Ammonia Service.,Normal ,V-437
OCP,CB1,Ball ,15,100,300#,RF,All valves shall be tagged for Anhydrous Ammonia Service.,Normal ,V-706
OCP,CB1,Ball ,150,200,300#,RF,All valves shall be tagged for Anhydrous Ammonia Service.,Normal ,V-768
OCP,CB1,Ball ,250,300,300#,RF,All valves shall be tagged for Anhydrous Ammonia Service.,Normal ,V-769
OCP,CB1,T-Globe,15,50,800#,SW,All valves shall be tagged for Anhydrous Ammonia Service.,Horiz/Vert Up ,V-501
OCP,CB1,Swing Check,80,600,300#,RF,All valves shall be tagged for Anhydrous Ammonia Service.,Horiz/Vert Up ,V-635
OCP,CB2,Ball,25,50,300#,SW,Use only where indicated on P&ID (Frequently operated valve).,Normal ,V-715
OCP,CB2,Ball,20,100,300#,RF,Use only where indicated on P&ID (Frequently operated valve).,Normal ,V-716
OCP,CB2,Ball,150,200,300#,RF,Use only where indicated on P&ID (Frequently operated valve).,Normal ,V-766
OCP,CB2,Ball,250,400,300#,RF,Use only where indicated on P&ID (Frequently operated valve).,Normal ,V-767
OCP,CB2,Gate,50,300,300#,RF,Use valve at equipment connection only,Normal,V-429
OCP,CB2,Gate,350,400,300#,RF,Use valve at equipment connection only,Normal,V-419
OCP,CB2,Gate,50,400,300#,BW,_,Normal,V-430
OCP,CB2,Globe,15,50,800#,SW,For inline throttling and control valve by-passes.,Normal,V-514
OCP,CB2,Globe,15,50,300#,RF,For inline throttling and control valve by-passes.,Normal,V-544
OCP,CB2,Globe,80,150,300#,RF,For inline throttling and control valve by-passes.,Normal,V-565
OCP,CB2,Globe,200,300,300#,RF,For inline throttling and control valve by-passes.,Normal,V-521
OCP,CB2,Check (Piston),15,50,800#,SW,_,Horizontal ,V-626
OCP,CB2,Check (Piston),15,50,300#,RF,_,Horizontal ,V-699
OCP,CB2,Check ,80,400,300#,RF,_,Horiz/Vert Up,V-636
OCP,CB3,Gate,15,50,800#,SW,_,Normal ,V-405
OCP,CB3,Gate,40,40,800#,SW,Gate Valves with Extended Stem V-475- L=1700mm & V-474 L= 1200mm- use limited to service Steam 12 barg (SM).,Normal ,V-474
OCP,CB3,Gate,15,50,800#,SW x SCR'D,, V- DR- Instr Conns ,V-406
OCP,CB3,Gate,80,150,300#,RF,_,Normal ,V-437
OCP,CB3,Gate,200,600,300#,RF,_,Normal ,V-438
OCP,CB3,Gate,400,400,300#,RF,Gate Valves with Extended Stem V-475- L=1700mm & V-474 L= 1200mm- use limited to service Steam 12 barg (SM).,Normal ,V-475
OCP,CB3,Gate,650,800,300#,RF,_,Normal ,V-411
OCP,CB3,Piston Check,15,50,800#,SW,Through pipe size 250 mm pressure limited by full flange rating- 300mm � 600mm pressure may be lower than full flange rating.,Normal,V-634
OCP,CB3,Swing Check,80,600,300#,RF,_,Horiz/Vert Up,V-635
OCP,CB3,Globe,15,50,800#,SW,Through pipe size 250 mm pressure limited by full flange rating- 300mm � 600mm pressure may be lower than full flange rating.,Normal,V-519
OCP,CB3,Globe,80,200,300#,RF,Through pipe size 250 mm pressure limited by full flange rating- 300mm � 600mm pressure may be lower than full flange rating.,Normal,V-520
OCP,CB3,Globe,250,450,300#,RF,Through pipe size 250 mm pressure limited by full flange rating- 300mm � 600mm pressure may be lower than full flange rating.,Normal,V-569
OCP,CB3,Ball,15,50,800#,SW,_,Normal ,V-701
OCP,CD1,Swing Check,15,50,300#,RF,_,Horiz/Vert Up,V-622
OCP,CD1,Ball,15,50,300#,RF,_,Normal ,V-710
OCP,CD1,Gate,80,100,300#,RF,_,Normal ,V-455
OCP,CD1,Globe,15,50,300#,RF,_,Normal ,V-571
OCP,CD2,Plug,15,50,,SW,,Normal ,V-128
OCP,CD2,Plug,15,80,300#,RF,Use only noted valves with Sulfuric Acid 97-99% <45�C (ASC) service. These valves may be used for other services within this class.,Normal ,V-129
OCP,CD2,Plug,100,300,300#,RF,Use only noted valves with Sulfuric Acid 97-99% <45�C (ASC) service. These valves may be used for other services within this class.,Normal ,V-130
OCP,CD2,Plug,350,450,300#,RF,Use only noted valves with Sulfuric Acid 97-99% <45�C (ASC) service. These valves may be used for other services within this class.,Normal ,V-137
OCP,CD2,Ball Check,15,50,300#,RF,Use only noted valves with Sulfuric Acid 97-99% <45�C (ASC) service. These valves may be used for other services within this class.,Horiz/Vert Up,V-623
OCP,CD2,Dual Plat Check,80,600,300#,WAFER,Use only noted valves with Sulfuric Acid 97-99% <45�C (ASC) service. These valves may be used for other services within this class.,Horiz/Vert Up,V-605
OCP,CD2,Swing Check,15,50,,SW,Use only noted valves with Sulfuric Acid 97-99% <45�C (ASC) service. These valves may be used for other services within this class.,Horiz/Vert Up,V-673
OCP,CD2,Wafer Check,80,650,300#,WAFER,Use only noted valves with Sulfuric Acid 97-99% <45�C (ASC) service. These valves may be used for other services within this class.,Horiz/Vert Up,V-674
OCP,CD2,Ball ,15,50,,SW,_,Normal ,V-718
OCP,CD2,Ball ,80,250,300#,RF,_,Normal ,V-764
OCP,CD2,Globe,15,50,,SW,_,Normal ,V-536
OCP,CD2,Globe,80,250,300#,RF,_,Normal ,V-537
OCP,CD2,Butterfly ,80,100,300#,Lug Type,_,Normal ,V-340
OCP,CD2,Butterfly ,150,600,300#,Lug Type,,Normal ,V-339
OCP,CD2,Butterfly ,650,750,300#,Lug Type,_,Normal ,V-3XX
OCP,CG1,Plug,25,80,300#,RF,_,Normal,V-116
OCP,CG1,Plug,100,150,300#,RF,_,Normal,V-117
OCP,CG1,Plug,200,400,300#,RF,_,Normal,V-119
OCP,CG1,Ball Check,20,50,300#,RF,_,Normal,V-623
OCP,CG1,Check,80,400,300#,RF,_,Normal,V-624
OCP,CG2,Plug,25,80,300#,RF,_,Normal,V-116
OCP,CG2,Plug,100,150,300#,RF,_,Normal,V-117
OCP,CG2,Plug,200,600,300#,RF,_,Normal,V-119
OCP,CG2,Ball Check,15,50,300#,RF,_,Normal,V-623
OCP,CG2,Check (Swing) ,80,600,300#,RF,_,Normal,V-624
OCP,CJ1,Gate,80,300,300#,BW,All buttwelds shall have a root pass made with the Gas Tungsten Arc (GTAW) welding process with the back side purged and without the use of inserts. All pipe- fittings- flanges and valve ends for both shop and field welds shall be prepared in accordance with ASME B16.25- Figure 4- 5- or 6 as applicable- no backing rings shall be used.,Normal,V-449
OCP,CJ1,Gate,350,350,300#,BW,All buttwelds shall have a root pass made with the Gas Tungsten Arc (GTAW) welding process with the back side purged and without the use of inserts. All pipe- fittings- flanges and valve ends for both shop and field welds shall be prepared in accordance with ASME B16.25- Figure 4- 5- or 6 as applicable- no backing rings shall be used.,Normal,V-497
OCP,CJ1,Gate,400,900,300#,BW,All buttwelds shall have a root pass made with the Gas Tungsten Arc (GTAW) welding process with the back side purged and without the use of inserts. All pipe- fittings- flanges and valve ends for both shop and field welds shall be prepared in accordance with ASME B16.25- Figure 4- 5- or 6 as applicable- no backing rings shall be used.,Normal,V-450
OCP,CJ1,Globe,80,200,300#,BW,1- End conn: All buttwelds shall have a root pass made with the Gas Tungsten Arc (GTAW) welding process with the back side purged and without the use of inserts. All pipe- fittings- flanges and valve ends for both shop and field welds shall be prepared in accordance with ASME B16.25- Figure 4- 5- or 6 as applicable- no backing rings shall be used. 2- Use: For In-line throttling and control valve by-passes.,Normal,V-527
OCP,CJ1,Globe,250,300,300#,BW,1- End conn: All buttwelds shall have a root pass made with the Gas Tungsten Arc (GTAW) welding process with the back side purged and without the use of inserts. All pipe- fittings- flanges and valve ends for both shop and field welds shall be prepared in accordance with ASME B16.25- Figure 4- 5- or 6 as applicable- no backing rings shall be used. 2- Use: For In-line throttling and control valve by-passes.,Normal,V-562
OCP,CJ1,Globe,350,350,300#,BW,1- End conn: All buttwelds shall have a root pass made with the Gas Tungsten Arc (GTAW) welding process with the back side purged and without the use of inserts. All pipe- fittings- flanges and valve ends for both shop and field welds shall be prepared in accordance with ASME B16.25- Figure 4- 5- or 6 as applicable- no backing rings shall be used. 2- Use: For In-line throttling and control valve by-passes.,Normal,V-568
OCP,CJ1,Globe,400,400,300#,BW,1- End conn: All buttwelds shall have a root pass made with the Gas Tungsten Arc (GTAW) welding process with the back side purged and without the use of inserts. All pipe- fittings- flanges and valve ends for both shop and field welds shall be prepared in accordance with ASME B16.25- Figure 4- 5- or 6 as applicable- no backing rings shall be used. 2- Use: For In-line throttling and control valve by-passes.,Normal,V-563
OCP,CJ1,Swing Check,80,350,300#,BW,All buttwelds shall have a root pass made with the Gas Tungsten Arc (GTAW) welding process with the back side purged and without the use of inserts. All pipe- fittings- flanges and valve ends for both shop and field welds shall be prepared in accordance with ASME B16.25- Figure 4- 5- or 6 as applicable- no backing rings shall be used.,Horiz/Vert Up,V-646
OCP,CJ1,Swing Check,400,600,300#,BW,All buttwelds shall have a root pass made with the Gas Tungsten Arc (GTAW) welding process with the back side purged and without the use of inserts. All pipe- fittings- flanges and valve ends for both shop and field welds shall be prepared in accordance with ASME B16.25- Figure 4- 5- or 6 as applicable- no backing rings shall be used.,Horiz/Vert Up,V-677
OCP,CJ1,Y-Globe,15,50,1690#,SW,All buttwelds shall have a root pass made with the Gas Tungsten Arc (GTAW) welding process with the back side purged and without the use of inserts. All pipe- fittings- flanges and valve ends for both shop and field welds shall be prepared in accordance with ASME B16.25- Figure 4- 5- or 6 as applicable- no backing rings shall be used.,Normal ,V-518
OCP,CJ1,Lift Check,15,50,1500#,SW,All buttwelds shall have a root pass made with the Gas Tungsten Arc (GTAW) welding process with the back side purged and without the use of inserts. All pipe- fittings- flanges and valve ends for both shop and field welds shall be prepared in accordance with ASME B16.25- Figure 4- 5- or 6 as applicable- no backing rings shall be used.,Horiz / Cover Up ,V-632
OCP,CK3,Butterfly,50,150,300#,Lug,_,Normal,V-334
OCP,CK3,Butterfly,200,600,300#,Lug,_,Normal,V-366
OCP,CK3,Ball,15,50,300#,FF,_,V- DR- Inst,V-729
OCP,CP1,Plug ,25,80,300#,RF,_,Normal,V-120
OCP,CP1,Plug ,100,300,300#,RF,_,Normal,V-121
OCP,CP1,Swing Check,25,50,300#,RF,_,Horiz/Vert Up,V-640
OCP,CP1,Swing Check,25,50,800#,SW,_,Horiz/Vert Up,V-638
OCP,CP1,Swing Check,80,300,300#,RF,Valve V-641 & V-638 is a modified valve for jacketing per Jacketed Piping Fabrication Details Specification - Detail JKT52.,Horiz/Vert Up,V-641
OCP,CS1,Ball,15,50,800#,SW,1. Valve shall be supplied with 100 mm long seamless pipe nipple (Pup Piece) on either ends. Sch of the nipple shall match to mating/connecting pipe. 2. Valves shall be of fire safe design as per API 607/BS 6755 ( Part 2 ) ,Normal,V-724
OCP,CS1,Check Valve,15,50,800#,SW,_,Normal,V-655
OCP,ES2,Plug,200,450,40S,BW,_,Normal,V-124
OCP,ES2,Plug,500,600,80S,BW,_,Normal,V-141
OCP,ES2,Plug,650,650,14.27mm,BW,_,Normal,V-142
OCP,ES2,Plug,700,700,15.88mm,BW,_,Normal,V-143
OCP,ES2,Check,50,600,600#,WAFER,_,Normal,V-647
OCP,ES2,Needle,15,25,40S,BW,_,V- Dr- Inst,V-803
OCP,ES2,Ball,15,50,40S,BW,_,Normal,V-778
OCP,FB1,Gate,15,50,1500#,SW,_,Normal,V-442
OCP,FB1,Gate,15,25,1500#,SW x SCR'D,Threaded joints are permitted only at outlets of vents and drains- hydrostatic testing connections- outlet of instrumentation isolation valves and to match equipment. Threaded hydrostatic testing connections shall be seal welded after testing.,V- DR,V-443
OCP,FB1,Gate,80,80,900#,BW,_,Normal,V-444
OCP,FB1,Gate,100,100,900#,BW,_,Normal,V-485
OCP,FB1,Gate,150,400,900#,BW,_,Normal,V-445
OCP,FB1,Gate,450,600,900#,BW,_,Normal,V-486
OCP,FB1,Globe,15,50,1500#,SW,For In-line throttling and control valve by-passes.,Normal,V-523
OCP,FB1,Globe,15,50,1500#,SW x SCR'D,Threaded joints are permitted only at outlets of vents and drains- hydrostatic testing connections- outlet of instrumentation isolation valves and to match equipment. Threaded hydrostatic testing connections shall be seal welded after testing.,V- DR- Inst. Cons,V-535
OCP,FB1,Globe,80,250,900#,BW,_,Normal,V-522
OCP,FB1,Swing Check,80,80,900#,BW,_,Horiz/Vert Up,V-642
OCP,FB1,Swing Check,100,400,900#,BW,_,Horiz/Vert Up,V-685
OCP,FB1,Swing Check,450,600,900#,BW,_,Horiz/Vert Up,V-604
OCP,FB1,Piston Check,15,50,1500#,SW,_,Horiz/Vert Up,V-643
OCP,FJ1,Gate,15,50,1500#,SW,_,Normal,V-432
OCP,FJ1,Gate,80,100,900#,BW,All butt welds shall have a root pass made with the Gas Tungsten Arc (GTAW) welding process with the back side purged and without the use of inserts. All pipe- fittings- flanges and valve ends for both shop and field welds shall be prepared in accordance with ASME B16.25- Figure 4- 5- or 6 as applicable- no backing rings shall be used.,Normal,V-433
OCP,FJ1,Gate,150,150,900#,BW,All butt welds shall have a root pass made with the Gas Tungsten Arc (GTAW) welding process with the back side purged and without the use of inserts. All pipe- fittings- flanges and valve ends for both shop and field welds shall be prepared in accordance with ASME B16.25- Figure 4- 5- or 6 as applicable- no backing rings shall be used.,Normal,V-434
OCP,FJ1,Gate,200,400,900#,BW,All butt welds shall have a root pass made with the Gas Tungsten Arc (GTAW) welding process with the back side purged and without the use of inserts. All pipe- fittings- flanges and valve ends for both shop and field welds shall be prepared in accordance with ASME B16.25- Figure 4- 5- or 6 as applicable- no backing rings shall be used.,Normal,V-496
OCP,FJ1,Gate,450,700,900#,BW,All butt welds shall have a root pass made with the Gas Tungsten Arc (GTAW) welding process with the back side purged and without the use of inserts. All pipe- fittings- flanges and valve ends for both shop and field welds shall be prepared in accordance with ASME B16.25- Figure 4- 5- or 6 as applicable- no backing rings shall be used.,Normal,V-487
OCP,FJ1,Y-Globe,15,50,1690#,SW,_,Normal,V-518
OCP,FJ1,Globe,80,100,900#,BW,1- End conn: All butt welds shall have a root pass made with the Gas Tungsten Arc (GTAW) welding process with the back side purged and without the use of inserts. All pipe- fittings- flanges and valve ends for both shop and field welds shall be prepared in accordance with ASME B16.25- Figure 4- 5- or 6 as applicable- no backing rings shall be used. 2- Use: For In-line throttling and control valve by-passes.,Normal,V-517
OCP,FJ1,Globe,150,150,900#,BW,1- End conn: All butt welds shall have a root pass made with the Gas Tungsten Arc (GTAW) welding process with the back side purged and without the use of inserts. All pipe- fittings- flanges and valve ends for both shop and field welds shall be prepared in accordance with ASME B16.25- Figure 4- 5- or 6 as applicable- no backing rings shall be used. 2- Use: For In-line throttling and control valve by-passes.,Normal,V-566
OCP,FJ1,Globe,200,400,900#,BW,1- End conn: All butt welds shall have a root pass made with the Gas Tungsten Arc (GTAW) welding process with the back side purged and without the use of inserts. All pipe- fittings- flanges and valve ends for both shop and field welds shall be prepared in accordance with ASME B16.25- Figure 4- 5- or 6 as applicable- no backing rings shall be used. 2- Use: For In-line throttling and control valve by-passes.,Normal,V-567
OCP,FJ1,Lift Check,15,50,1500#,SW,_,Horiz/Vert Up,V-632
OCP,FJ1,Tilting Disc Check,80,150,900#,BW,All butt welds shall have a root pass made with the Gas Tungsten Arc (GTAW) welding process with the back side purged and without the use of inserts. All pipe- fittings- flanges and valve ends for both shop and field welds shall be prepared in accordance with ASME B16.25- Figure 4- 5- or 6 as applicable- no backing rings shall be used.,Horiz/Vert Up,V-633
OCP,FJ1,Tilting Disc Check,200,600,900#,BW,All butt welds shall have a root pass made with the Gas Tungsten Arc (GTAW) welding process with the back side purged and without the use of inserts. All pipe- fittings- flanges and valve ends for both shop and field welds shall be prepared in accordance with ASME B16.25- Figure 4- 5- or 6 as applicable- no backing rings shall be used.,Horiz/Vert Up,V-684
OCP,GC1,Gate,150,600,1500#,BW,_,Normal,V-415
OCP,GC1,Gate,15,50,1500#,SW,_,Normal,V-416
OCP,GC1,Gate,15,50,1500#,SW x THRD,No threaded valves are acceptable except for normally Closed valves used for commissioning- hydrotest- drains- vents- with threaded plug applied downstream for V-417 to ensure the threaded end is not exposed to service conditions during normal operation.,,V-417
OCP,GC1,Globe,15,50,,SW,For In-line throttling and control valve by-passes,Normal,V-570
OCP,GC1,Piston Check,15,50,1500#,SW,_,Horiz/Vert Up,V-694
OCP,GC1,Tilting Disc Check,80,600,1500#,BW,_,Horiz/Vert Up,V-695
OCP,GD1,Gate,15,40,1500#,SW,_,Normal ,V-447
OCP,GD1,Gate,15,40,1500#,SW x Threaded,_,V- DR- InstrConns,V-448
OCP,GD1,Globe,15,40,1500#,SW,_,Normal ,V-526
OCP,GD1,Lift Check,15,40,1500#,SW,These check valves shall be installed in a horizontal position with cover up,Horiz/Vert Up,V-644
OCP,GD2,Gate,15,50,1500#,BW,All butt weld shall have a root pass made with the Gas Tungsten Arc (GTAW) welding process with the backside purged and without the use of inserts. All pipe- fittings- flanged- and valve ends for both shop and field welds- shall be prepared in accordance with ASME / ANSI B 16.25- Figure 4 or 5- as applicable- no backing rings shall be used,Normal,V-451
OCP,GD2,Gate,15,20,1500#,RTJ,_,Normal,V-493
OCP,GD2,Gate,25,50,1500#,RTJ,These valves shall be used only for vent- drain- and instrument connections,,V-452
OCP,GD2,Gate,80,200,1500#,RTJ,_,Normal,V-453
OCP,GD2,Gate,15,50,1500#,BW,All butt weld shall have a root pass made with the Gas Tungsten Arc (GTAW) welding process with the backside purged and without the use of inserts. All pipe- fittings- flanged- and valve ends for both shop and field welds- shall be prepared in accordance with ASME / ANSI B 16.25- Figure 4 or 5- as applicable- no backing rings shall be used,Normal,V-529
OCP,GD2,Globe,80,200,1500#,RTJ,_,Normal,V-530
OCP,GD2,Globe,50,80,1500#,RTJ,_,Normal,V-561
OCP,GD2,Lift Check,15,50,1500#,BW,1-End conn: All butt weld shall have a root pass made with the Gas Tungsten Arc (GTAW) welding process with the backside purged and without the use of inserts. All pipe- fittings- flanged- and valve ends for both shop and field welds- shall be prepared in accordance with ASME / ANSI B 16.25- Figure 4 or 5- as applicable- no backing rings shall be used 2-Use: These check valves shall be installed in a horizontal position with cover up,Horiz/Vert Up,V-648
OCP,GD2,Check,80,200,1500#,RTJ,These check valves shall be installed in a horizontal position with cover up,Normal,V-649
OCP,BS1,BALL,15mm,50mm,800#,SW,-,NORMAL,V-724
OCP,BS1,BALL,15mm,50mm,150#,RF,-,NORMAL,V-709
OCP,BS1,BALL,80mm,100mm,150#,RF,-,NORMAL,V-785
OCP,BS1,BALL,15mm,50mm,150#,FF,-,NORMAL,V-708
OCP,BS1,DIAPHRAGM,15mm,50mm,150#,FF,Only used for flushing hoses system & special requirements by process.,NORMAL,V-215
OCP,BS1,BALL CHECK,15mm,50mm,800#,SW,-,NORMAL,V-655
OCP,BS1,CHECK,80mm,100mm,150#,RF,-,NORMAL,V-656
OCP,BS1,BUTTERFLY,80mm,100mm,150#,LUG,-,NORMAL,V-317
OCP,BS2,BALL,15mm,50mm,10S,BW,-,NORMAL,V-742
OCP,BS2,CHECK,150mm,450mm,150#,LUG,-,NORMAL,V-664
OCP,BS2,NEEDLE,15mm,25mm,10S,BW,-,V-Dr-Inst,V-805
OCP,BS3,BALL,15mm,50mm,10S,BW,-,-,V-734
OCP,BS3,NEEDLE,20mm,25mm,10S,BW,-,-,V-804
OCP,BV1,KNIFE GATE,25mm,150mm,150#,FF,-,NORMAL,V-458
OCP,BV1,KNIFE GATE,200mm,600mm,150#,FF,-,NORMAL,V-459
OCP,BV1,PISTON CHECK,80mm,150mm,150#,FLANGED DUAL LAMINATE PP/FRP Lined,-,NORMAL,V-628
OCP,BX1,BALL,15mm,100mm,-,SOCKET FUSION PN6,-,NORMAL,V-735
OCP,BX1,BALL,125mm,150mm,150#,FF,-,NORMAL,V-732
OCP,BX1,3-WAY BALL,80mm,80mm,-,THREADED x SOCKET FUSION x SOCKET FUSION,-,NORMAL,V-740
OCP,BX1,CHECK,25mm,80mm,-,SOCKET FUSION PN6,-,NORMAL,V-658
OCP,BX2,BALL,15mm,100mm,-,SOCKET FUSION PN10,-,NORMAL,V-736
OCP,BX2,CHECK,25mm,80mm,-,THREADED,-,NORMAL,V-659
OCP,BX2,BUTTERFLY,50mm,150mm,150#,WAFER,-,NORMAL,V-326
OCP,BX3,BALL,15mm,100mm,-,SOCKET FUSION PN16,-,NORMAL,V-743
OCP,BX3,CHECK,25mm,80mm,-,SOCKET FUSION PN16,-,NORMAL,V-665
OCP,BY1,BALL,15mm,100mm,-,SOLVENT SOCKET PN10,-,NORMAL,V-737
OCP,BY1,CHECK,15mm,100mm,-,SOLVENT SOCKET PN10,-,NORMAL,V-660
OCP,BY1,CHECK,150mm,200mm,150#,WAFER,Final dimensions of piping component shall be provided by selected Contractor- who will be responsible for Detailed Design- Material procurement and Installation.,NORMAL,V-667
OCP,BY1,BUTTERFLY,50mm,200mm,150#,WAFER,Final dimensions of piping component shall be provided by selected Contractor- who will be responsible for Detailed Design- Material procurement and Installation.,NORMAL,V-333
OCP,BY3,BALL,15mm,100mm,-,SOCKET FUSION PN10,-,NORMAL,V-737
OCP,BY3,CHECK,25mm,80mm,-,SOCKET FUSION PN10,-,NORMAL,V-660
OCP,BZ1,BALL,15mm,50mm,-,SOCKET FUSION PN16,-,NORMAL,V-738
OCP,BZ1,BALL,63mm,100mm,-,SOCKET FUSION PN10,-,NORMAL,V-739
OCP,BZ1,CHECK,15mm,50mm,-,SOCKET FUSION PN16,-,NORMAL,V-661
OCP,BZ1,CHECK,63mm,100mm,-,SOCKET FUSION PN10,-,NORMAL,V-662
OCP,BH1,BALL,25mm,100mm,150#,RF,The facing of valve will be considered RF for Metallic specs (BD2) and BH1 and - For FRP specs FF Facing should be used and valve datasheets should be released with FF flange facing,NORMAL,V-720
OCP,BH1,BALL,150mm,150mm,150#,RF,,NORMAL,V-770
OCP,BH1,BALL,200mm,250mm,150#,RF,,NORMAL,V-771
OCP,BH1,BALL,15mm,100mm,150#,RF, Lap joint flange itself is flat face flange but with Stub-end becomes RF.,NORMAL,V-775
OCP,BH1,BALL,15mm,100mm,150#,RF,According to BCT valve specification. To be used only for H2SiF6 25-45%-wt with SIO2 -SIF4- HF (FSA2a/ FSA3)-Waste gas (containing HF- SiF4-H2O- Air) (GW1b).,NORMAL,V-776
OCP,BH1,DIAPHRAGM,25mm,25mm,150#,RF,According to BCT valve specification. To be used only for Silica (SiO2) with > 70%-wt moisture (SiO1)- H2SiF6 5-45%-wt- with SiO2- traces of SIF4- HF (FSA1)- SiF4 gas with HF traces (SiF1a)- Waste gas (containing HF- SiF4-H2O- Air) (GW1a)- Waste water without solids (WW1)- Potassium hydroxide KOH (KOH).,NORMAL,V-204
OCP,BH1,DIAPHRAGM,15mm,200mm,150#,RF,-,NORMAL,V-206
OCP,BH1,WAFER CHECK,25mm,450mm,150#,WAFER,According to BCT valve specification. To be used only for Silica (SiO2) with > 70%-wt moisture (SiO1)- H2SiF6 5-45%-wt- with SiO2- traces of SIF4- HF (FSA1)- SiF4 gas with HF traces (SiF1a)- Waste gas (containing HF- SiF4-H2O- Air) (GW1a)- Waste water without solids (WW1)- Potassium hydroxide KOH (KOH). & Lug and wafer valve types should be suitable to be installed between RF Flanges Class 150 per ASME B16.5,NORMAL,V-690
OCP,BH1,SWING CHECK,25mm,600mm,150#,RF,-,NORMAL,V-654
OCP,BH1,BUTTERFLY,80mm,100mm,150#,LUG,Lug and wafer valve types should be suitable to be installed between RF Flanges Class 150 per ASME B16.5,NORMAL,V-306
OCP,BH1,BUTTERFLY,150mm,600mm,150#,LUG,,NORMAL,V-307
OCP,BH1,BUTTERFLY,150mm,150mm,150#,LUG,According to BCT valve specification. To be used only for H2SiF6 25-45%-wt with SIO2 -SIF4- HF (FSA2a/ FSA3)-Waste gas (containing HF- SiF4-H2O- Air) (GW1b). & Lug and wafer valve types should be suitable to be installed between RF Flanges Class 150 per ASME B16.5,NORMAL,V-351
OCP,BH1,BUTTERFLY,250mm,450mm,150#,LUG,,NORMAL,V-356
OCP,BH1,BUTTERFLY,150mm,200mm,150#,LUG,According to BCT valve specification. To be used only for Silica (SiO2) with > 70%-wt moisture (SiO1)- H2SiF6 5-45%-wt- with SiO2- traces of SIF4- HF (FSA1)- SiF4 gas with HF traces (SiF1a)- Waste gas (containing HF- SiF4-H2O- Air) (GW1a)- Waste water without solids (WW1)- Potassium hydroxide KOH (KOH). & Lug and wafer valve types should be suitable to be installed between RF Flanges Class 150 per ASME B16.5,NORMAL,V-357
OCP,BH1,BUTTERFLY,300mm,450mm,150#,LUG,,NORMAL,V-358
OCP,BH1,PLUG,15mm,80mm,150#,RF,-,NORMAL,V-108
OCP,BH1,PLUG,100mm,300mm,150#,RF,-,NORMAL,V-109
OCP,BH1,KNIFE GATE,50mm,150mm,150#,FF,Applicable valves for Gypsum Slurry (GS) only.,NORMAL,V-439
OCP,BH1,KNIFE GATE,200mm,600mm,150#,FF,,NORMAL,V-440
OCP,BH1,KNIFE GATE,650mm,900mm,150#,FF,,NORMAL,V-461
OCP,BH2,GATE,63mm,63mm,-,PN 16 EN 1092-2 / ISO7005-2,Use restricted for Underground Drinking Water (WD) service only. & The type of resin- Protective Materials (e.g. Coatings etc) - joining and sealing materials (e.g. solvent cements- gaskets) shall be suitable for potable water (drinking water) and certified as per NSF/ANSI 61 in conjunction with the design and performance requirements stated in the relevant JESA standards. All proposals will be subject to JESA/OCP approval,DRINKING WATER (WD),V-499
OCP,BH2,GATE,90mm,315mm,-,PN 16 EN 1092-2,Fire water valve shall be FM Approved & UL Listed.,FIRE WATER,V-483
OCP,BH2,GATE,355mm,6350mm,-,PN 16 EN 1092-2,Fire water valve shall be FM Approved & UL Listed.,FIRE WATER,V-484
OCP,BH2,PIV (GATE),110mm,315mm,-,PN 16 EN 1092-2 / ISO7005-2, The maximum allowable pipeline design temperature for HDPE pipe material shall be 30 �C (86 �F). & Gate Valve with Vertical Indicator Post assembly (PIV)- HDPE Pipes and Fittings for underground fire water line shall be UL / FM approved.,FIRE WATER,V-488
OCP,BH2,PIV (GATE),355mm,630mm,-,PN 16 EN 1092-2 / ISO7005-2,,FIRE WATER,V-489
OCP,BK1,BALL,20mm,200mm,150#,FF,-,NORMAL/V-DR-INSTR.,V-730
OCP,BK1,BALL,250mm,300mm,150#,FF,-,NORMAL/V-DR-INSTR.,V-707
OCP,BK1,WAFER CHECK,80mm,600mm,150#,WAFER,The Lug and wafer valves types should be suitable to be installed between FF& RF Flanges Class 150 per ASME B16.5,HORIZONTAL/VERTICAL UP,V-614
OCP,BK1,WAFER CHECK,200mm,600mm,150#,WAFER,,NORMAL,V-630
OCP,BK1,PISTON CHECK,25mm,150mm,150#,RF,-,NORMAL,V-628
OCP,BK1,BALL CHECK,25mm,300mm,150#,RF,-,NORMAL,V-645
OCP,BK1,DUAL PLATE CHECK,650mm,1200mm,150#,DOUBLE FLANGED FF,-,NORMAL,V-686
OCP,BK1,DUAL PLATE CHECK,700mm,900mm,150#,DOUBLE FLANGED FF,-,NORMAL,V-696
OCP,BK1,SWING CHECK,250mm,600mm,150#,RF,To be used only for FSA services,NORMAL,V-697
OCP,BK1,BUTTERFLY,50mm,150mm,150#,LUG,The Lug and wafer valves types should be suitable to be installed between FF& RF Flanges Class 150 per ASME B16.5,NORMAL,V-308
OCP,BK1,BUTTERFLY,200mm,600mm,150#,LUG,,NORMAL,V-309
OCP,BK1,BUTTERFLY,650mm,1200mm,150#,FF,-,NORMAL,V-323
OCP,BK1,BUTTERFLY,1300mm,1500mm,150#,FF,-,NORMAL,V-313
OCP,BK1,BUTTERFLY,1600mm,2000mm,150#,FF,-,NORMAL,V-347
OCP,BK1,BUTTERFLY,100mm,250mm,150#,WAFER,To be used only for FSA services & The Lug and wafer valves types should be suitable to be installed between FF& RF Flanges Class 150 per ASME B16.5,NORMAL,V-352
OCP,BK1,BUTTERFLY,300mm,600mm,150#,WAFER,,NORMAL,V-353
OCP,BK1,BUTTERFLY,80mm,100mm,150#,WAFER,,NORMAL,V-306
OCP,BK1,BUTTERFLY,150mm,600mm,150#,WAFER,,NORMAL,V-307
OCP,BK1,PLUG,25mm,80mm,150#,FF,The Pressure limited to 150 psi (10.34 bar).,NORMAL,V-106
OCP,BK1,PLUG,100mm,300mm,150#,FF,,NORMAL,V-107
OCP,BK1,PLUG,15mm,80mm,150#,RF,-,NORMAL,V-134
OCP,BK1,PLUG,25mm,80mm,150#,RF,To be used only for FSA services,NORMAL,V-108
OCP,BK1,PLUG,100mm,300mm,150#,RF,,NORMAL,V-109
OCP,BK1,PLUG,350mm,450mm,150#,FF,The Pressure limited to 150 psi (10.34 bar).,NORMAL,V-132
OCP,BK1,KNIFE GATE,50mm,150mm,150#,FF,-,NORMAL,V-409
OCP,BK1,KNIFE GATE,200mm,600mm,150#,FF,-,NORMAL,V-414
OCP,BK1,KNIFE GATE,650mm,1200mm,150#,FF,-,NORMAL,V-410
OCP,BK2,BALL,25mm,100mm,150#,RF,The facing of valve will be considered RF for Metallic specs (BD2) and BH1 and - For FRP specs FF Facing should be used and valve datasheets should be released with FF flange facing,NORMAL,V-720
OCP,BK2,BALL,150mm,150mm,150#,RF,,NORMAL,V-770
OCP,BK2,BALL,200mm,250mm,150#,RF,,NORMAL,V-771
OCP,BK2,WAFER CHECK,80mm,600mm,150#,WAFER,The wafer valves should be suitable to be installed between FF and RF Flanges Class 150 per ASME B16.5,HORIZONTAL/VERTICAL UP,V-614
OCP,BK2,WAFER CHECK,200mm,600mm,150#,WAFER,,NORMAL,V-630
OCP,BK2,PISTON CHECK,25mm,150mm,150#,RF,Flanges should always be bolted to full flat faced flanges. Where full flat faced flanges are not used- proper spacers must be used to build-up the flange to a flat surface and prevent overstressing the flange. When existing equipment cannot be modified to produce full flat faced flange- Stub end Flange shall be used.,NORMAL,V-628
OCP,BK2,DUAL PLATE CHECK,650mm,1200mm,150#,DOUBLE FLANGED FF,-,NORMAL,V-686
OCP,BK2,PLUG,15mm,80mm,150#,-,The facing of valve will be considered RF for Metallic specs (BG1/BG2) and - for FRP specs (BK1/BK2/BK3) FF Facing should be used and valve datasheets should be released with FF flange facing.,NORMAL,V-106
OCP,BK2,PLUG,100mm,300mm,150#,-,,NORMAL,V-107
OCP,BK2,PLUG,25mm,80mm,150#,RF,Rated at : 10.3 Barg @ 149�C or 14.8 barg @90�C. & To be used only for FSA services,NORMAL,V-108
OCP,BK2,PLUG,350mm,450mm,150#,FF,The facing of valve will be considered RF for Metallic specs (BG1/BG2) and - for FRP specs (BK1/BK2/BK3) FF Facing should be used and valve datasheets should be released with FF flange facing.,NORMAL,V-132
OCP,BK2,PLUG,15mm,80mm,150#,RF,-,NORMAL,V-134
OCP,BK3,BALL,15mm,150mm,150#,-,Valve may be used at tank nozzles- clean-outs- rod-outs and drains./To be used for Raw water Services only/Valve V-713 & V-704 Pressure/Temperature limited to 10.3 barg @ 204�C (150 Psig @ 300�F)./To be used for Cooling Water Return (WCR); Cooling Water Supply (WCS); Desalinated Water (WDS)- Water Vapor over phosphoric Acid (GPA) - Process Condensate (CPP) -Process Water (WPR); Cooling Water Return Closed loop (CWCR); Flocculant (FLT)/The facing of valve will be considered RF for Metallic specs (BG1/BG2) -for FRP spec (BK3) FF Facing should be used and valve datasheets should be released with FF flange facing.,-,V-713
OCP,BK3,BALL,200mm,200mm,150#,-,,NORMAL/V-DR-INSTR.,V-704
OCP,BK3,BALL,250mm,300mm,150#,FF,To be used for Raw water Services only & To be used for Cooling Water Return (WCR); Cooling Water Supply (WCS); Desalinated Water (WDS)- Water Vapor over phosphoric Acid (GPA) - Process Condensate (CPP) -Process Water (WPR); Cooling Water Return Closed loop (CWCR); Flocculant (FLT),NORMAL/V-DR-INSTR.,V-707
OCP,BK3,BALL,15mm,150mm,150#,FF,For use in service: Chemical Cleaning (CC) & For use in service: Product Water (WW),V-DR-INSTR.,V-730
OCP,BK3,BALL,15mm,150mm,150#,FF,For use in service: Demineralized Water (WDS)- Permeate Water(WP),V-DR-INSTR.,V-731
OCP,BK3,BALL,15mm,150mm,150#,FF,For Use in service: Effluent Water(WE)- Calcium Hydroxide(CH),V-DR-INSTR.,V-732
OCP,BK3,BALL,15mm,150mm,150#,FF,For use in service: Sea Water (WSS) and Brine (BSL),V-DR-INSTR.,V-781
OCP,BK3,GATE,65mm,200mm,150#,FF,For Use in service: Effluent Water(WE)- Calcium Hydroxide(CH),NORMAL,V-457
OCP,BK3,WAFER CHECK,200mm,600mm,150#,WAFER,To be used for Raw water Services only/The Lug and wafer valves types should be suitable to be installed between FF and RF Flanges Class 150 per ASME B16.5/To be used for Cooling Water Return (WCR); Cooling Water Supply (WCS); Desalinated Water (WDS)- Water Vapor over phosphoric Acid (GPA) - Process Condensate (CPP) -Process Water (WPR); Cooling Water Return Closed loop (CWCR); Flocculant (FLT),NORMAL,V-630
OCP,BK3,PISTON CHECK,15mm,150mm,150#,RF,Flanges should always be bolted to full flat faced flanges. Where full flat faced flanges are not used- proper spacers must be used to build-up the flange to a flat surface and prevent overstressing the flange. When existing equipment cannot be modified to produce full flat faced flange- Stub end Flange shall be used./To be used for Raw water Services only/To be used for Cooling Water Return (WCR); Cooling Water Supply (WCS); Desalinated Water (WDS)- Water Vapor over phosphoric Acid (GPA) - Process Condensate (CPP) -Process Water (WPR); Cooling Water Return Closed loop (CWCR); Flocculant (FLT),NORMAL,V-628
OCP,BK3,DUAL PLATE CHECK,50mm,600mm,150#,WAFER,The Lug and wafer valves types should be suitable to be installed between FF and RF Flanges Class 150 per ASME B16.5/For use in service: Sea Water (WSS) and Brine (BSL)/For use in service: Chemical Cleaning (CC),NORMAL,V-651
OCP,BK3,DUAL PLATE CHECK,700mm,1100mm,150#,WAFER,The wafer valve type should be suitable to be installed between FF Flanges Class 150 per ASME B16.47 Series A/For use in service: Sea Water (WSS) and Brine (BSL)/For use in service: Chemical Cleaning (CC),NORMAL,V-653
OCP,BK3,DUAL PLATE CHECK,100mm,600mm,150#,WAFER,The Lug and wafer valves types should be suitable to be installed between FF and RF Flanges Class 150 per ASME B16.5/For use in service: Demineralized Water (WDS)- Permeate Water(WP)/For Use in service: Effluent Water(WE)- Calcium Hydroxide(CH)/For use in service: Product Water (WW),NORMAL,V-657
OCP,BK3,DUAL PLATE CHECK,700mm,1100mm,150#,WAFER,The wafer valve type should be suitable to be installed between FF Flanges Class 150 per ASME B16.47 Series A/For use in service: Demineralized Water (WDS)- Permeate Water(WP)/For Use in service: Effluent Water(WE)- Calcium Hydroxide(CH)/For use in service: Product Water (WW),NORMAL,V-679
OCP,BK3,DUAL PLATE CHECK,750mm,1200mm,150#,DOUBLE FLANGED FF,To be used for Raw water Services only/To be used for Cooling Water Return (WCR); Cooling Water Supply (WCS); Desalinated Water (WDS)- Water Vapor over phosphoric Acid (GPA) - Process Condensate (CPP) -Process Water (WPR); Cooling Water Return Closed loop (CWCR); Flocculant (FLT),NORMAL,V-686
OCP,BK3,DUAL PLATE CHECK,650mm,700mm,150#,WAFER,To be used for Raw water Services only/The wafer valve type should be suitable to be installed between FF Flanges Class 150 per ASME B16.47 Series A/To be used for Cooling Water Return (WCR); Cooling Water Supply (WCS); Desalinated Water (WDS)- Water Vapor over phosphoric Acid (GPA) - Process Condensate (CPP) -Process Water (WPR); Cooling Water Return Closed loop (CWCR); Flocculant (FLT),NORMAL,V-687
OCP,BK3,BUTTERFLY,80mm,100mm,150#,LUG,To be used for Raw water Services only / The Lug and wafer valves types should be suitable to be installed between FF and RF Flanges Class 150 per ASME B16.5,NORMAL,V-306
OCP,BK3,BUTTERFLY,150mm,600mm,150#,LUG,,NORMAL,V-307
OCP,BK3,BUTTERFLY,50mm,150mm,150#,LUG,The Lug and wafer valves types should be suitable to be installed between FF and RF Flanges Class 150 per ASME B16.5 / To be used for Cooling Water Return (WCR); Cooling Water Supply (WCS); Desalinated Water (WDS)- Water Vapor over phosphoric Acid (GPA) - Process Condensate (CPP) -Process Water (WPR); Cooling Water Return Closed loop (CWCR); Flocculant (FLT),NORMAL,V-308
OCP,BK3,BUTTERFLY,200mm,600mm,150#,LUG,,NORMAL,V-322
OCP,BK3,BUTTERFLY,50mm,200mm,150#,LUG,The Lug and wafer valves types should be suitable to be installed between FF and RF Flanges Class 150 per ASME B16.5 / For use in service: Sea Water (WSS) and Brine (BSL) / For use in service: Chemical Cleaning (CC),NORMAL,V-324
OCP,BK3,BUTTERFLY,50mm,600mm,150#,WAFER,The Lug and wafer valves types should be suitable to be installed between FF and RF Flanges Class 150 per ASME B16.5 / For use in service: Demineralized Water (WDS)- Permeate Water(WP) / For Use in service: Effluent Water(WE)- Calcium Hydroxide(CH) / For use in service: Product Water (WW),NORMAL,V-325
OCP,BK3,BUTTERFLY,1550mm,1800mm,150#,FF,To be used for Raw water Services only / To be used for Cooling Water Return (WCR); Cooling Water Supply (WCS); Desalinated Water (WDS)- Water Vapor over phosphoric Acid (GPA) - Process Condensate (CPP) -Process Water (WPR); Cooling Water Return Closed loop (CWCR); Flocculant (FLT),NORMAL,V-347
OCP,BK3,BUTTERFLY,1900mm,2000mm,150#,FF,,NORMAL,V-348
OCP,BK3,BUTTERFLY,1600mm,2600mm,150#,FF,For use in service: Sea Water (WSS) and Brine (BSL) / For use in service: Chemical Cleaning (CC) / For use in service: Demineralized Water (WDS)- Permeate Water(WP) / For Use in service: Effluent Water(WE)- Calcium Hydroxide(CH) / For use in service: Product Water (WW),NORMAL,V-364
OCP,BK3,BUTTERFLY,250mm,600mm,150#,FF,For use in service: Sea Water (WSS) and Brine (BSL) / For use in service: Chemical Cleaning (CC),NORMAL,V-365
OCP,BK3,BUTTERFLY,650mm,1500mm,150#,FF,For use in service: Sea Water (WSS) and Brine (BSL) / For use in service: Chemical Cleaning (CC) / For use in service: Demineralized Water (WDS)- Permeate Water(WP) / For Use in service: Effluent Water(WE)- Calcium Hydroxide(CH),NORMAL,V-367
OCP,BK3,PLUG,25mm,80mm,150#,-,The facing of valve will be considered RF for Metallic specs (BG1/BG2) -for FRP spec (BK3) FF Facing should be used and valve datasheets should be released with FF flange facing.,NORMAL,V-106
OCP,BK3,PLUG,100mm,300mm,150#,-,,NORMAL,V-107
OCP,BK3,PLUG,350mm,450mm,150#,RF,,NORMAL,V-132
OCP,BK4,BALL,15mm,150mm,150#,FF,Valve may be used at tank nozzles- clean-outs- rod-outs and drains.,-,V-761
OCP,BK4,WAFER CHECK,150mm,600mm,150#,WAFER,The Lug and wafer valves types should be suitable to be installed between FF Flanges Class 150 per ASME B16.5,NORMAL,V-671
OCP,BK4,BALL CHECK,15mm,100mm,150#,FF,-,HORIZONTAL/VERTICAL UP,V-670
OCP,BK4,CHECK,650mm,1200mm,150#,FF (DOUBLE FLGD),-,NORMAL,V-672
OCP,BK4,BUTTERFLY,50mm,150mm,150#,LUG,The Lug and wafer valves types should be suitable to be installed between FF Flanges Class 150 per ASME B16.5,NORMAL,V-335
OCP,BK4,BUTTERFLY,200mm,600mm,150#,LUG,,NORMAL,V-336
OCP,BK4,BUTTERFLY,650mm,1500mm,150#,FF,-,NORMAL,V-337
OCP,BK4,BUTTERFLY,1550mm,1800mm,150#,FF,-,NORMAL,V-338
OCP,BL5,DUAL PLATE CHECK,200mm,600mm,150#,RF,-,NORMAL,V-628
OCP,BL5,DUAL PLATE CHECK,200mm,600mm,150#,FF,,NORMAL,V-630
OCP,BL5,BALL CHECK,25mm,600mm,150#,RF,Rated at: 10.5 kg/cm2g @ 149�C or 15.11 kg/cm2g @90�C,NORMAL,V-645
OCP,BL5,DIAPHRAGM,15mm,250mm,150#,FF,-,NORMAL,V-203
OCP,BL5,DIAPHRAGM,300mm,600mm,150#,FF,-,NORMAL,V-205
OCP,BL5,BUTTERFLY,100mm,250mm,150#,LUG,Rated at : 10.5 kg/cm2g @ 149�C or 15.11 kg/cm2g @90�C,NORMAL,V-352
OCP,BL5,BUTTERFLY,300mm,600mm,150#,LUG,,NORMAL,V-353
OCP,BL5,PLUG,25mm,80mm,150#,RF,For Sizes 1700 mm & 2000 mm- D/T < 100- as per ASME B31.3 not meeting. (where D - Nominal Pipe Size & T - Nominal pipe wall thickness) Hence- the supporting span & branching requirements shall be decided accordingly.,NORMAL,V-108
OCP,BL5,PLUG,100mm,300mm,150#,RF,,NORMAL,V-109
OCP,BL5,KNIFE GATE,50mm,150mm,150#,FF,-,NORMAL,V-439
OCP,BL5,KNIFE GATE,200mm,600mm,150#,FF,-,NORMAL,V-440
OCP,BL5,KNIFE GATE,80mm,150mm,150#,FF,-,NORMAL,V-458
OCP,BL5,KNIFE GATE,200mm,600mm,150#,FF,-,NORMAL,V-459
OCP,BL5,KNIFE GATE,650mm,900mm,150#,FF,-,NORMAL,V-460
OCP,BN1,DUAL PLATE CHECK,200mm,600mm,150#,RF,,NORMAL,V-628
OCP,BN1,BALL CHECK,25mm,600mm,150#,FF,Thickness of the liner according to the following table: ,NORMAL,V-645
OCP,BN1,BUTTERFLY,100mm,250mm,150#,LUG,DN 25 40 50 80 100 150 200 250 300 ,NORMAL,V-352
OCP,BN1,BUTTERFLY,300mm,600mm,150#,LUG,Thickness 3.5 3.8 4.2 4.8 5.5 6.5 8 8.5 9 ,NORMAL,V-353
OCP,BN1,PLUG,25mm,80mm,150#,RF,Rated at: 10.29 bar g @ 149 or 14.8 barg@ 90�C.,NORMAL,V-108
OCP,BN1,PLUG,100mm,300mm,150#,RF,,NORMAL,V-109
OCP,BP1,PLUG,15mm,80mm,150#,RF,-,NORMAL,V-122
OCP,BP1,PLUG,100mm,300mm,150#,RF,-,NORMAL,V-123
OCP,BP1,SWING CHECK,25mm,50mm,800#,SW,-,HORIZONTAL/VERTICAL UP,V-638
OCP,BP1,SWING CHECK,80mm,300mm,150#,RF,-,HORIZONTAL/VERTICAL UP,V-639
OCP,BP1,BUTTERFLY,50mm,100mm,150#,WAFER,-,NORMAL,V-318
OCP,BR1,BALL,15mm,300mm,-,SW,NOTE 14 NOT AVAILABLE,NORMAL,V-721
OCP,BQ1,PLUG,-,-,150#,RF,KE40T (4�-12�) VALVES ARE NOT TO BE USED ON TAPPED CONNECTIONS DUE TO POSSIBILITY OF VALVE FLANGE HAVING TAPPED HOLES AT BONNET AREA.,-,V-103
OCP,BQ1,PLUG,-,-,150#,RF,,-,V-104
OCP,BQ1,PLUG,-,-,150#,RF,,-,V-131
OCP,BQ1,GLOBE,-,-,150#,RF,-,-,V-525
OCP,BQ1,BUTTERFLY,80mm,200mm,150#,-,PIPE SPOOL MAY BE REQUIRED TO PREVENT INTERFERENCES BETWEEN DISC & OTHER SPECIALTY ITEMS UPON OPERATION OF VALVE.,-,V-312
OCP,BQ1,BUTTERFLY,-,-,150#,-,,-,V-344
OCP,BQ2,GATE,15mm,250mm,150#,RF,-,-,V-446
OCP,BQ2,GATE,25mm,600mm,150#,RF,-,-,V-494
OCP,BQ2,PLUG,-,-,150#,RF,KE40T (4�-6�) VALVES ARE NOT TO BE USED ON TAPPED CONNECTIONS DUE TO POSSIBILITY OF VALVE FLANGE HAVING TAPPED HOLES AT BONNET AREA.,-,V-103
OCP,BQ2,PLUG,-,-,150#,RF,,-,V-104
OCP,BQ2,GLOBE,-,-,150#,RF,-,-,V-524
OCP,BQ2,BUTTERFLY,80mm,500mm,150#,-,PIPE SPOOL MAY BE REQUIRED TO PREVENT INTERFERENCES BETWEEN DISC & OTHER SPECIALITY ITEMS UPON OPERATION OF VALVE.,-,V-311
OCP,BQ2,BUTTERFLY,80mm,200mm,150#,-,,-,V-312
OCP,BQ2,BUTTERFLY,-,-,150#,-,,-,V-344
OCP,BQ2,BALL,-,-,150#,-,USE TFC44 (VERT: UP FLOW) WHERE CONDITIONS PERMIT.RADIOGRAPHY TEST SHALL BE 100% OF ALL BUTT WELDS,HOR. USE,V-645
OCP,BQ3,GATE,15mm,50mm,150#,RF,-,-,V-446
OCP,BQ3,PLUG,-,-,150#,RF,-,-,V-103
OCP,BQ3,GLOBE,-,-,150#,RF,-,-,V-524
